Activation,WeightInit,F1,precision,recall
IDENTITY,XAVIER_FAN_IN,0.6819382457418709,0.6435009327444081,0.6406025203952495,
